"Município";"2012";"2013";"2014";"2015";"2016";"2017";"2018";"2019";" Total"
"220005 ACAUA";"19,42";"82,69";"106,41";"83,75";"85,06";"109,20";"115,29";"73,33";"82,30"
"220010 AGRICOLANDIA";"34,67";"93,85";"88,89";"114,00";"126,32";"94,74";"108,22";"65,43";"89,44"
"220020 AGUA BRANCA";"6,14";"108,50";"80,95";"83,39";"111,36";"91,21";"94,24";"63,64";"79,27"
"220025 ALAGOINHA DO PIAUI";"27,78";"85,00";"104,44";"64,04";"105,13";"94,87";"90,59";"90,59";"82,16"
"220027 ALEGRETE DO PIAUI";"29,73";"58,24";"77,61";"75,36";"145,76";"98,31";"131,48";"80,52";"82,91"
"220030 ALTO LONGA";"30,67";"88,03";"90,77";"81,95";"102,38";"96,03";"107,14";"71,23";"81,59"
"220040 ALTOS";"24,84";"83,33";"42,04";"99,05";"100,68";"91,84";"90,23";"48,37";"71,90"
"220045 ALVORADA DO GURGUEIA";"34,04";"63,16";"71,43";"71,62";"91,89";"106,76";"88,75";"76,92";"74,02"
"220050 AMARANTE";"5,30";"80,61";"53,65";"96,88";"114,68";"82,14";"83,01";"67,88";"72,72"
"220060 ANGICAL DO PIAUI";"44,44";"95,51";"69,88";"85,26";"143,21";"108,64";"80,87";"89,41";"88,60"
"220070 ANISIO DE ABREU";"5,11";"142,55";"97,83";"97,90";"88,00";"80,67";"79,58";"49,19";"80,89"
"220080 ANTONIO ALMEIDA";"37,50";"113,51";"118,42";"104,55";"76,00";"86,00";"100,00";"146,34";"95,47"
"220090 AROAZES";"9,68";"65,38";"113,73";"111,86";"123,88";"102,99";"74,42";"103,17";"82,45"
"220095 AROEIRAS DO ITAIM";"40,00";"111,11";"68,97";"104,76";"84,00";"44,00";"78,95";"100,00";"79,03"
"220100 ARRAIAL";"38,81";"201,32";"137,50";"98,04";"114,00";"114,00";"113,04";"71,67";"113,36"
"220105 ASSUNCAO DO PIAUI";"28,76";"100,00";"90,08";"121,10";"77,86";"77,10";"105,17";"84,68";"83,55"
"220110 AVELINO LOPES";"50,00";"91,26";"86,84";"64,13";"53,85";"58,24";"112,94";"58,42";"71,60"
"220115 BAIXA GRANDE DO RIBEIRO";"46,52";"80,95";"134,88";"83,95";"80,00";"85,00";"75,00";"91,60";"83,31"
"220117 BARRA D\'ALCANTARA";"6,67";"92,73";"92,73";"110,87";"140,00";"112,00";"68,97";"111,36";"92,06"
"220120 BARRAS";"22,57";"95,37";"87,58";"72,16";"76,88";"88,79";"99,18";"64,23";"75,25"
"220130 BARREIRAS DO PIAUI";"26,47";"110,00";"36,96";"35,42";"112,00";"96,00";"85,71";"82,05";"68,84"
"220140 BARRO DURO";"50,93";"134,00";"140,52";"92,16";"82,91";"75,21";"88,30";"101,23";"95,33"
"220150 BATALHA";"18,33";"76,24";"91,21";"89,71";"101,79";"69,35";"75,62";"44,32";"70,34"
"220155 BELA VISTA DO PIAUI";"45,00";"117,95";"19,30";"88,00";"83,33";"97,92";"86,27";"135,90";"79,59"
"220157 BELEM DO PIAUI";"0";"155,26";"19,35";"73,68";"143,33";"140,00";"97,22";"51,28";"79,52"
"220160 BENEDITINOS";"33,81";"128,21";"88,24";"102,34";"110,32";"49,21";"98,43";"61,98";"83,24"
"220170 BERTOLINIA";"41,18";"110,47";"63,33";"103,23";"101,22";"82,93";"80,00";"81,16";"83,08"
"220173 BETANIA DO PIAUI";"28,81";"79,67";"84,55";"95,56";"126,53";"100,00";"83,90";"90,38";"84,52"
"220177 BOA HORA";"36,67";"92,04";"88,35";"115,56";"85,71";"68,57";"121,95";"105,48";"86,22"
"220180 BOCAINA";"16,13";"63,16";"76,47";"119,44";"123,81";"83,33";"84,78";"107,69";"78,93"
"220190 BOM JESUS";"10,11";"115,14";"98,35";"93,86";"95,80";"109,07";"98,36";"123,98";"93,14"
"220191 BOM PRINCIPIO DO PIAUI";"11,97";"62,00";"116,09";"111,49";"94,44";"66,67";"108,00";"64,00";"75,60"
"220192 BONFIM DO PIAUI";"24,62";"85,00";"96,43";"90,79";"120,51";"106,41";"67,96";"77,65";"84,28"
"220194 BOQUEIRAO DO PIAUI";"34,38";"71,76";"84,62";"109,90";"94,83";"70,69";"94,32";"64,95";"78,31"
"220196 BRASILEIRA";"23,46";"76,47";"97,06";"102,20";"114,44";"84,44";"82,00";"107,06";"86,50"
"220198 BREJO DO PIAUI";"38,33";"93,75";"147,22";"61,90";"115,56";"82,22";"70,59";"79,55";"81,63"
"220200 BURITI DOS LOPES";"16,63";"85,96";"63,51";"43,51";"19,43";"37,26";"49,13";"57,93";"45,85"
"220202 BURITI DOS MONTES";"25,49";"133,77";"23,66";"62,16";"112,50";"98,61";"109,86";"62,82";"74,49"
"220205 CABECEIRAS DO PIAUI";"24,70";"77,92";"82,58";"183,19";"179,66";"74,58";"85,00";"79,21";"93,59"
"220207 CAJAZEIRAS DO PIAUI";"8,70";"95,00";"61,54";"128,00";"91,89";"86,49";"86,05";"123,68";"81,31"
"220208 CAJUEIRO DA PRAIA";"19,19";"70,71";"63,10";"79,55";"63,25";"80,34";"38,98";"50,00";"57,81"
"220209 CALDEIRAO GRANDE DO PIAUI";"3,95";"131,15";"68,49";"124,07";"153,57";"119,64";"121,88";"104,62";"98,81"
"220210 CAMPINAS DO PIAUI";"26,44";"112,50";"73,44";"71,83";"110,17";"106,78";"57,14";"8,93";"70,21"
"220211 CAMPO ALEGRE DO FIDALGO";"42,47";"87,01";"84,29";"83,33";"67,86";"91,07";"112,07";"76,67";"79,84"
"220213 CAMPO GRANDE DO PIAUI";"68,18";"82,98";"70,41";"97,18";"151,39";"68,06";"41,49";"100,00";"82,78"
"220217 CAMPO LARGO DO PIAUI";"13,04";"124,79";"80,95";"72,82";"54,31";"75,00";"100,00";"71,88";"74,18"
"220220 CAMPO MAIOR";"34,12";"69,78";"56,77";"66,16";"74,08";"72,99";"96,81";"85,95";"67,61"
"220225 CANAVIEIRA";"0";"64,62";"142,42";"100,00";"81,40";"83,72";"138,71";"85,11";"79,83"
"220230 CANTO DO BURITI";"26,48";"94,12";"82,46";"56,82";"66,67";"61,11";"78,72";"54,85";"64,89"
"220240 CAPITAO DE CAMPOS";"33,33";"90,36";"114,89";"89,16";"75,88";"51,76";"110,74";"44,05";"74,50"
"220245 CAPITAO GERVASIO OLIVEIRA";"12,28";"75,44";"38,64";"174,07";"78,43";"78,43";"93,55";"60,42";"70,78"
"220250 CARACOL";"18,88";"93,64";"70,62";"73,10";"70,51";"89,10";"83,89";"81,31";"71,77"
"220253 CARAUBAS DO PIAUI";"32,99";"95,65";"42,11";"52,86";"106,25";"111,25";"98,75";"116,67";"80,51"
"220255 CARIDADE DO PIAUI";"26,67";"94,44";"61,90";"66,22";"77,78";"73,61";"113,33";"80,49";"71,95"
"220260 CASTELO DO PIAUI";"24,28";"107,17";"79,38";"89,07";"88,85";"90,24";"113,01";"70,51";"80,98"
"220265 CAXINGO";"10,71";"84,54";"68,82";"95,40";"124,00";"105,33";"71,57";"86,59";"79,71"
"220270 COCAL";"12,69";"65,77";"68,07";"92,93";"87,50";"93,35";"91,54";"55,74";"69,13"
"220271 COCAL DE TELHA";"5,41";"85,51";"113,21";"91,67";"100,00";"98,67";"60,00";"87,72";"78,73"
"220272 COCAL DOS ALVES";"31,51";"94,32";"111,63";"57,83";"77,33";"93,33";"141,94";"134,43";"90,88"
"220273 COIVARAS";"0";"94,64";"66,67";"85,71";"46,94";"118,37";"119,61";"147,92";"82,52"
"220275 COLONIA DO GURGUEIA";"22,31";"94,06";"83,95";"106,85";"100,00";"81,71";"100,00";"96,30";"82,33"
"220277 COLONIA DO PIAUI";"41,41";"109,09";"59,26";"66,67";"44,68";"76,60";"59,30";"67,65";"64,56"
"220280 CONCEICAO DO CANINDE";"0";"59,46";"161,22";"86,67";"59,02";"108,20";"85,51";"64,94";"74,58"
"220285 CORONEL JOSE DIAS";"25,40";"76,00";"122,92";"103,77";"72,58";"80,65";"46,15";"87,76";"74,34"
"220290 CORRENTE";"12,35";"92,20";"97,62";"93,15";"101,18";"64,93";"104,91";"74,67";"80,04"
"220300 CRISTALANDIA DO PIAUI";"23,53";"97,12";"79,10";"86,67";"84,07";"66,37";"73,74";"67,01";"70,93"
"220310 CRISTINO CASTRO";"50,00";"87,77";"56,22";"40,85";"120,13";"94,81";"100,60";"127,95";"83,94"
"220320 CURIMATA";"2,88";"87,19";"90,66";"46,99";"56,29";"88,62";"90,38";"48,39";"63,62"
"220323 CURRAIS";"22,22";"58,82";"58,23";"73,42";"96,10";"96,10";"77,50";"20,00";"61,84"
"220325 CURRALINHOS";"17,81";"137,29";"86,49";"90,48";"105,08";"86,44";"164,71";"91,18";"93,68"
"220327 CURRAL NOVO DO PIAUI";"13,00";"108,54";"80,00";"108,97";"80,60";"77,61";"101,45";"101,37";"81,33"
"220330 DEMERVAL LOBAO";"35,60";"97,64";"105,95";"129,41";"186,34";"99,02";"99,10";"71,59";"102,15"
"220335 DIRCEU ARCOVERDE";"10,64";"95,51";"48,00";"36,46";"45,24";"38,10";"44,90";"36,46";"44,13"
"220340 DOM EXPEDITO LOPES";"27,37";"94,19";"104,05";"92,13";"90,36";"89,16";"91,30";"100,00";"84,72"
"220342 DOMINGOS MOURAO";"34,62";"81,54";"77,27";"56,25";"110,91";"70,91";"128,85";"71,19";"76,78"
"220345 DOM INOCENCIO";"27,00";"88,89";"71,00";"94,25";"84,04";"84,04";"123,38";"98,67";"81,87"
"220350 ELESBAO VELOSO";"8,26";"74,74";"135,59";"103,87";"100,00";"92,73";"109,27";"88,39";"85,83"
"220360 ELISEU MARTINS";"10,53";"106,98";"25,00";"96,00";"84,31";"76,47";"62,00";"100,00";"67,57"
"220370 ESPERANTINA";"28,00";"94,35";"60,94";"34,67";"37,34";"59,33";"77,88";"59,32";"56,08"
"220375 FARTURA DO PIAUI";"16,13";"102,99";"36,21";"25,61";"84,72";"75,00";"119,05";"61,04";"64,74"
"220380 FLORES DO PIAUI";"14,29";"84,93";"64,29";"98,08";"150,00";"161,90";"88,57";"85,48";"82,12"
"220385 FLORESTA DO PIAUI";"0";"116,67";"55,56";"0";"73,33";"76,67";"164,71";"67,86";"63,68"
"220390 FLORIANO";"20,87";"74,39";"87,10";"108,75";"39,44";"75,30";"77,56";"65,80";"67,91"
"220400 FRANCINOPOLIS";"10,17";"125,93";"88,06";"53,19";"133,33";"94,12";"96,67";"91,38";"86,13"
"220410 FRANCISCO AYRES";"40,32";"114,52";"67,86";"61,67";"85,25";"81,97";"81,25";"94,34";"78,29"
"220415 FRANCISCO MACEDO";"37,50";"55,77";"92,86";"104,88";"52,00";"66,00";"124,14";"68,57";"72,27"
"220420 FRANCISCO SANTOS";"8,45";"87,27";"51,43";"11,58";"0,81";"59,68";"113,64";"73,20";"47,34"
"220430 FRONTEIRAS";"0";"82,74";"81,98";"84,89";"74,51";"66,67";"81,51";"89,08";"68,43"
"220435 GEMINIANO";"16,88";"91,57";"76,83";"28,00";"63,77";"82,61";"72,22";"77,27";"64,07"
"220440 GILBUES";"16,50";"88,37";"91,21";"100,00";"41,40";"62,37";"70,27";"42,65";"63,16"
"220450 GUADALUPE";"32,26";"92,68";"77,09";"96,25";"80,65";"60,75";"92,98";"72,63";"76,26"
"220455 GUARIBAS";"9,30";"69,41";"88,57";"65,67";"1,69";"128,81";"126,39";"71,43";"68,90"
"220460 HUGO NAPOLEAO";"3,92";"124,07";"55,56";"78,43";"114,00";"98,00";"102,13";"126,83";"87,40"
"220465 ILHA GRANDE";"23,35";"85,96";"87,70";"10,14";"4,58";"49,67";"77,70";"32,93";"43,45"
"220470 INHUMA";"7,31";"90,72";"71,22";"68,81";"57,21";"65,67";"82,72";"78,26";"64,25"
"220480 IPIRANGA DO PIAUI";"29,50";"99,26";"110,53";"86,92";"20,00";"24,17";"44,86";"34,23";"56,66"
"220490 ISAIAS COELHO";"37,04";"100,78";"89,84";"106,09";"105,60";"100,80";"100,90";"91,13";"90,73"
"220500 ITAINOPOLIS";"15,11";"110,68";"121,05";"102,61";"100,94";"89,62";"113,51";"93,22";"90,26"
"220510 ITAUEIRA";"28,21";"92,36";"54,25";"70,67";"100,83";"82,64";"88,97";"69,78";"71,96"
"220515 JACOBINA DO PIAUI";"0";"98,72";"73,96";"79,76";"93,42";"89,47";"71,43";"105,45";"76,06"
"220520 JAICOS";"25,65";"62,50";"60,63";"50,70";"37,69";"38,60";"86,35";"70,22";"53,55"
"220525 JARDIM DO MULATO";"9,26";"65,45";"56,25";"77,05";"75,41";"80,33";"110,26";"68,52";"66,97"
"220527 JATOBA DO PIAUI";"18,28";"91,03";"63,64";"196,36";"57,63";"52,54";"114,58";"80,43";"78,37"
"220530 JERUMENHA";"6,56";"79,01";"76,79";"62,90";"19,54";"37,93";"47,95";"25,76";"43,98"
"220535 JOAO COSTA";"2,56";"116,22";"90,91";"84,21";"113,16";"100,00";"107,14";"77,78";"86,54"
"220540 JOAQUIM PIRES";"17,48";"101,79";"68,72";"105,43";"88,12";"91,09";"119,49";"76,58";"83,11"
"220545 JOCA MARQUES";"3,19";"94,79";"75,90";"78,21";"56,79";"80,25";"84,34";"84,15";"69,03"
"220550 JOSE DE FREITAS";"39,83";"94,96";"64,26";"57,68";"28,45";"64,31";"80,11";"92,06";"65,59"
"220551 JUAZEIRO DO PIAUI";"14,46";"130,16";"70,67";"72,73";"46,48";"61,97";"91,23";"104,26";"69,98"
"220552 JULIO BORGES";"28,26";"93,06";"101,67";"62,89";"33,33";"105,80";"96,05";"60,42";"70,05"
"220553 JUREMA";"10,98";"65,56";"71,83";"58,11";"114,52";"88,71";"76,56";"54,69";"65,38"
"220554 LAGOINHA DO PIAUI";"8,33";"70,27";"61,54";"21,43";"80,56";"113,89";"76,00";"129,03";"68,71"
"220555 LAGOA ALEGRE";"42,73";"114,29";"100,00";"115,97";"88,80";"84,00";"103,54";"67,24";"90,17"
"220556 LAGOA DO BARRO DO PIAUI";"16,88";"96,72";"141,43";"95,38";"83,33";"80,56";"103,08";"117,91";"90,53"
"220557 LAGOA DE SAO FRANCISCO";"28,43";"68,04";"106,56";"85,23";"128,38";"70,27";"98,59";"106,85";"82,81"
"220558 LAGOA DO PIAUI";"12,70";"114,55";"96,72";"96,77";"69,70";"104,55";"130,36";"71,64";"85,89"
"220559 LAGOA DO SITIO";"5,49";"61,19";"131,58";"163,83";"70,42";"80,28";"81,82";"118,87";"78,77"
"220560 LANDRI SALES";"11,36";"111,11";"80,33";"114,89";"86,11";"75,00";"150,88";"62,03";"80,52"
"220570 LUIS CORREIA";"10,47";"81,47";"82,52";"70,93";"44,42";"67,86";"71,30";"81,91";"62,35"
"220580 LUZILANDIA";"34,29";"88,49";"29,05";"28,35";"5,26";"33,58";"58,89";"36,46";"39,97"
"220585 MADEIRO";"24,81";"75,78";"48,03";"96,97";"62,76";"73,10";"107,14";"80,15";"70,70"
"220590 MANOEL EMIDIO";"10,00";"63,33";"118,64";"122,39";"79,45";"94,52";"84,00";"86,30";"79,66"
"220595 MARCOLANDIA";"3,18";"104,14";"125,00";"126,61";"160,56";"119,01";"162,81";"117,93";"112,18"
"220600 MARCOS PARENTE";"26,87";"73,85";"83,93";"114,29";"158,82";"100,00";"128,30";"81,43";"92,54"
"220605 MASSAPE DO PIAUI";"25,56";"107,59";"74,67";"71,64";"136,36";"125,00";"74,65";"114,29";"84,01"
"220610 MATIAS OLIMPIO";"34,05";"104,08";"112,64";"114,20";"115,64";"73,74";"131,58";"60,59";"92,67"
"220620 MIGUEL ALVES";"30,32";"136,36";"98,60";"40,00";"62,24";"56,36";"83,91";"50,00";"70,39"
"220630 MIGUEL LEAO";"25,00";"64,00";"116,67";"71,43";"168,75";"75,00";"81,25";"114,29";"85,62"
"220635 MILTON BRANDAO";"37,63";"115,38";"101,19";"74,39";"91,23";"78,95";"163,64";"77,33";"88,81"
"220640 MONSENHOR GIL";"32,41";"112,90";"69,01";"100,68";"107,69";"108,46";"94,78";"74,62";"86,69"
"220650 MONSENHOR HIPOLITO";"23,08";"104,85";"76,00";"101,94";"87,50";"57,69";"112,20";"112,05";"80,96"
"220660 MONTE ALEGRE DO PIAUI";"21,31";"98,59";"32,89";"59,12";"56,47";"55,29";"73,26";"43,07";"53,86"
"220665 MORRO CABECA NO TEMPO";"6,35";"80,95";"100,00";"57,75";"32,76";"101,72";"91,43";"77,03";"70,09"
"220667 MORRO DO CHAPEU DO PIAUI";"11,70";"92,13";"96,97";"109,30";"65,91";"89,77";"82,91";"79,84";"78,47"
"220669 MURICI DOS PORTELAS";"15,00";"87,70";"76,84";"92,16";"108,60";"86,02";"100,91";"42,86";"74,36"
"220670 NAZARE DO PIAUI";"27,83";"101,10";"80,00";"80,72";"116,88";"93,51";"102,63";"98,78";"84,48"
"220672 NAZARIA";"46,43";"83,78";"100,68";"81,70";"78,18";"62,42";"79,87";"24,22";"69,47"
"220675 NOSSA SENHORA DE NAZARE";"46,55";"96,72";"84,48";"81,82";"87,69";"81,54";"108,51";"100,00";"85,23"
"220680 NOSSA SENHORA DOS REMEDIOS";"1,76";"88,17";"81,51";"57,42";"89,81";"104,46";"77,78";"80,14";"71,96"
"220690 NOVO ORIENTE DO PIAUI";"4,71";"79,76";"83,58";"145,28";"88,31";"67,53";"104,29";"80,00";"77,70"
"220695 NOVO SANTO ANTONIO";"37,93";"137,50";"28,57";"168,42";"221,05";"210,53";"115,38";"100,00";"111,07"
"220700 OEIRAS";"17,95";"76,51";"94,27";"93,47";"95,12";"92,68";"113,02";"88,47";"80,51"
"220710 OLHO D\'AGUA DO PIAUI";"12,12";"66,67";"97,67";"7,50";"20,59";"79,41";"95,24";"67,50";"57,79"
"220720 PADRE MARCOS";"17,86";"105,83";"96,25";"92,63";"44,12";"114,71";"110,34";"82,22";"81,37"
"220730 PAES LANDIM";"0";"94,44";"77,55";"182,50";"103,12";"96,88";"70,13";"90,74";"85,43"
"220735 PAJEU DO PIAUI";"17,24";"67,86";"115,79";"80,00";"132,00";"120,00";"67,86";"89,66";"83,65"
"220740 PALMEIRA DO PIAUI";"33,67";"67,01";"50,75";"128,75";"57,89";"59,21";"68,42";"107,94";"70,14"
"220750 PALMEIRAIS";"7,14";"64,98";"54,41";"68,78";"42,92";"63,93";"82,44";"57,59";"54,35"
"220755 PAQUETA";"47,73";"140,00";"129,41";"41,03";"71,43";"40,48";"135,48";"85,71";"84,33"
"220760 PARNAGUA";"11,34";"61,03";"66,67";"94,48";"50,00";"71,69";"90,36";"23,67";"57,06"
"220770 PARNAIBA";"21,15";"87,74";"85,35";"86,27";"76,32";"70,40";"74,95";"48,17";"68,78"
"220775 PASSAGEM FRANCA DO PIAUI";"25,97";"86,30";"135,21";"117,46";"53,66";"48,78";"76,36";"86,21";"76,47"
"220777 PATOS DO PIAUI";"4,23";"110,29";"83,33";"78,33";"97,96";"104,08";"107,14";"96,49";"82,78"
"220779 PAU D\'ARCO DO PIAUI";"27,87";"171,88";"111,90";"69,05";"89,47";"110,53";"82,61";"148,39";"93,33"
"220780 PAULISTANA";"7,95";"84,43";"84,28";"97,60";"81,04";"74,01";"84,29";"92,75";"75,34"
"220785 PAVUSSU";"37,21";"85,00";"100,00";"102,27";"83,33";"88,10";"123,81";"64,58";"85,08"
"220790 PEDRO II";"16,88";"96,26";"87,07";"111,52";"61,08";"52,79";"107,57";"78,33";"75,02"
"220793 PEDRO LAURENTINO";"1,75";"97,22";"70,27";"92,00";"122,22";"96,30";"96,00";"108,00";"75,29"
"220795 NOVA SANTA RITA";"41,56";"77,46";"64,52";"110,00";"118,97";"113,79";"74,19";"86,27";"83,23"
"220800 PICOS";"17,05";"106,53";"101,73";"101,80";"100,63";"108,30";"78,76";"85,20";"86,75"
"220810 PIMENTEIRAS";"30,52";"81,16";"40,00";"88,24";"75,00";"100,86";"77,27";"38,30";"63,83"
"220820 PIO IX";"28,63";"85,46";"36,47";"81,78";"88,35";"71,84";"70,89";"73,85";"66,49"
"220830 PIRACURUCA";"34,10";"95,97";"88,54";"130,03";"67,80";"84,75";"100,00";"67,62";"83,38"
"220840 PIRIPIRI";"25,90";"87,61";"112,40";"101,38";"120,40";"107,43";"100,52";"95,27";"93,96"
"220850 PORTO";"7,72";"94,94";"50,64";"55,95";"98,10";"100,95";"125,70";"53,33";"71,72"
"220855 PORTO ALEGRE DO PIAUI";"0";"123,68";"61,82";"62,86";"77,14";"85,71";"90,91";"96,43";"70,92"
"220860 PRATA DO PIAUI";"45,10";"112,20";"94,12";"0";"94,74";"105,26";"102,33";"63,83";"75,38"
"220865 QUEIMADA NOVA";"7,34";"68,47";"89,53";"133,77";"120,43";"91,40";"121,88";"75,70";"85,36"
"220870 REDENCAO DO GURGUEIA";"25,77";"85,16";"103,82";"73,49";"65,79";"81,58";"128,69";"77,30";"78,56"
"220880 REGENERACAO";"14,24";"89,30";"90,66";"100,00";"86,12";"87,19";"100,00";"61,89";"77,20"
"220885 RIACHO FRIO";"13,21";"96,10";"127,54";"35,21";"56,10";"47,56";"33,33";"59,09";"56,06"
"220887 RIBEIRA DO PIAUI";"6,76";"95,38";"60,87";"36,17";"7,89";"131,58";"122,00";"61,82";"62,95"
"220890 RIBEIRO GONCALVES";"7,27";"65,08";"70,34";"97,96";"78,57";"100,00";"88,33";"113,16";"77,36"
"220900 RIO GRANDE DO PIAUI";"33,63";"68,60";"112,16";"97,33";"93,98";"69,88";"80,00";"91,43";"77,83"
"220910 SANTA CRUZ DO PIAUI";"23,76";"110,29";"65,17";"67,11";"170,27";"67,57";"106,33";"108,06";"85,87"
"220915 SANTA CRUZ DOS MILAGRES";"0";"82,98";"31,43";"13,73";"178,95";"194,74";"33,33";"56,76";"52,01"
"220920 SANTA FILOMENA";"21,30";"81,08";"123,86";"97,25";"93,88";"88,78";"84,04";"66,67";"80,99"
"220930 SANTA LUZ";"26,89";"63,22";"95,83";"90,48";"62,65";"62,65";"118,18";"150,67";"78,77"
"220935 SANTANA DO PIAUI";"6,35";"115,69";"82,46";"70,00";"103,51";"56,14";"125,00";"97,83";"77,99"
"220937 SANTA ROSA DO PIAUI";"24,36";"60,87";"71,19";"105,36";"38,60";"85,96";"100,00";"63,38";"66,00"
"220940 SANTO ANTONIO DE LISBOA";"20,78";"92,11";"64,13";"114,81";"101,39";"87,50";"100,00";"115,38";"85,55"
"220945 SANTO ANTONIO DOS MILAGRES";"17,07";"110,00";"64,71";"150,00";"0";"69,44";"81,25";"66,67";"62,89"
"220950 SANTO INACIO DO PIAUI";"26,67";"70,83";"133,33";"175,00";"88,00";"102,00";"102,44";"81,82";"92,04"
"220955 SAO BRAZ DO PIAUI";"22,37";"88,52";"45,28";"97,87";"120,00";"50,00";"56,34";"96,30";"69,50"
"220960 SAO FELIX DO PIAUI";"48,15";"145,00";"181,25";"82,14";"194,44";"155,56";"150,00";"68,97";"123,20"
"220965 SAO FRANCISCO DE ASSIS DO PIAUI";"23,85";"116,18";"50,00";"66,04";"22,73";"80,68";"105,00";"124,62";"69,22"
"220970 SAO FRANCISCO DO PIAUI";"8,22";"63,41";"73,97";"74,29";"68,00";"52,00";"76,92";"33,33";"55,17"
"220975 SAO GONCALO DO GURGUEIA";"2,22";"107,50";"78,57";"109,09";"123,33";"96,67";"114,81";"85,00";"85,35"
"220980 SAO GONCALO DO PIAUI";"0";"30,12";"120,93";"63,01";"60,53";"59,21";"109,23";"90,00";"65,36"
"220985 SAO JOAO DA CANABRAVA";"28,85";"65,08";"57,69";"21,74";"42,11";"57,89";"108,51";"95,74";"59,14"
"220987 SAO JOAO DA FRONTEIRA";"23,29";"133,77";"51,72";"18,18";"0";"97,14";"105,56";"87,32";"65,36"
"220990 SAO JOAO DA SERRA";"43,96";"96,15";"23,08";"3,28";"51,47";"88,24";"106,94";"76,92";"60,96"
"220995 SAO JOAO DA VARJOTA";"1,27";"88,61";"101,41";"98,51";"78,57";"91,43";"107,02";"75,95";"78,50"
"220997 SAO JOAO DO ARRAIAL";"20,28";"99,30";"93,23";"107,09";"90,28";"106,94";"139,82";"76,00";"89,97"
"221000 SAO JOAO DO PIAUI";"28,18";"83,19";"102,19";"86,98";"109,09";"64,98";"98,17";"48,53";"75,60"
"221005 SAO JOSE DO DIVINO";"44,00";"110,61";"84,88";"128,33";"108,96";"98,51";"91,67";"107,27";"94,96"
"221010 SAO JOSE DO PEIXE";"14,55";"69,23";"76,09";"62,75";"112,20";"124,39";"61,90";"40,68";"66,75"
"221020 SAO JOSE DO PIAUI";"18,52";"83,87";"97,50";"96,30";"89,47";"76,84";"100,00";"89,86";"78,88"
"221030 SAO JULIAO";"27,00";"75,23";"46,58";"70,00";"62,69";"88,06";"63,01";"82,81";"63,14"
"221035 SAO LOURENCO DO PIAUI";"11,32";"101,89";"61,76";"65,45";"76,36";"89,09";"124,56";"73,77";"76,60"
"221037 SAO LUIS DO PIAUI";"30,30";"55,88";"58,06";"100,00";"100,00";"76,00";"73,53";"95,24";"70,22"
"221038 SAO MIGUEL DA BAIXA GRANDE";"21,88";"71,43";"118,18";"75,00";"214,29";"164,29";"78,26";"171,43";"96,07"
"221039 SAO MIGUEL DO FIDALGO";"26,19";"94,12";"71,88";"145,45";"111,54";"111,54";"93,10";"125,71";"92,28"
"221040 SAO MIGUEL DO TAPUIO";"18,84";"100,87";"72,20";"118,36";"112,82";"101,71";"84,00";"82,30";"84,26"
"221050 SAO PEDRO DO PIAUI";"25,00";"88,08";"69,74";"88,83";"108,47";"113,76";"94,06";"58,26";"79,84"
"221060 SAO RAIMUNDO NONATO";"23,24";"93,15";"67,20";"80,51";"40,47";"78,08";"101,06";"71,50";"68,65"
"221062 SEBASTIAO BARROS";"18,29";"108,97";"70,59";"9,09";"6,15";"47,69";"61,36";"50,82";"46,69"
"221063 SEBASTIAO LEAL";"12,73";"91,84";"77,59";"55,17";"50,00";"150,00";"81,13";"37,93";"67,30"
"221065 SIGEFREDO PACHECO";"28,97";"93,98";"58,65";"72,83";"76,64";"95,33";"98,00";"42,99";"70,01"
"221070 SIMOES";"31,56";"95,06";"67,74";"93,72";"70,72";"89,64";"90,56";"84,51";"76,47"
"221080 SIMPLICIO MENDES";"10,50";"90,45";"78,23";"62,66";"91,57";"75,84";"53,61";"93,14";"69,04"
"221090 SOCORRO DO PIAUI";"6,56";"146,30";"58,62";"26,79";"46,34";"48,78";"95,65";"83,33";"62,96"
"221093 SUSSUAPARA";"47,06";"87,65";"67,47";"92,96";"84,52";"97,62";"102,22";"127,40";"87,71"
"221095 TAMBORIL DO PIAUI";"5,45";"67,44";"91,18";"80,56";"78,72";"102,13";"102,17";"79,07";"73,50"
"221097 TANQUE DO PIAUI";"35,00";"131,03";"65,91";"69,23";"137,04";"118,52";"88,24";"97,37";"88,68"
"221100 TERESINA";"25,47";"87,70";"84,78";"76,35";"76,69";"63,74";"75,37";"55,70";"68,25"
"221110 UNIAO";"22,51";"114,46";"95,52";"87,33";"83,04";"94,94";"89,31";"52,06";"79,32"
"221120 URUCUI";"7,60";"101,52";"101,02";"101,89";"102,66";"101,60";"84,76";"85,44";"84,51"
"221130 VALENCA DO PIAUI";"21,95";"78,57";"95,24";"115,83";"75,00";"86,46";"86,20";"134,84";"86,56"
"221135 VARZEA BRANCA";"22,22";"86,21";"89,47";"123,81";"108,33";"109,72";"107,69";"63,77";"88,62"
"221140 VARZEA GRANDE";"5,56";"90,00";"94,92";"81,63";"73,81";"166,67";"113,46";"83,87";"86,90"
"221150 VERA MENDES";"48,94";"111,11";"83,33";"75,00";"109,68";"83,87";"174,19";"161,11";"102,82"
"221160 VILA NOVA DO PIAUI";"38,30";"72,73";"85,00";"87,50";"151,85";"144,44";"80,00";"100,00";"89,36"
"221170 WALL FERRAZ";"14,08";"77,05";"76,09";"42,86";"78,95";"102,63";"123,53";"123,53";"72,25"
"Total";"22,76";"90,16";"82,53";"82,04";"78,98";"76,08";"85,95";"68,15";"72,95"
