"Município";"2010";"2011";"2012";"2013";"2014";"2015";"2016";"2017";"2018";"2019";" Total"
"220005 ACAUA";"1,94";"71,84";"104,85";"83,65";"110,26";"80,00";"80,46";"108,05";"120,00";"80,00";"82,46"
"220010 AGRICOLANDIA";"0";"72,00";"102,67";"101,54";"94,44";"116,00";"125,00";"110,53";"112,33";"82,72";"90,67"
"220020 AGUA BRANCA";"0,36";"72,56";"101,08";"109,31";"81,68";"91,19";"101,47";"98,53";"92,81";"99,35";"84,74"
"220025 ALAGOINHA DO PIAUI";"0";"87,78";"105,56";"85,00";"104,44";"65,17";"98,72";"114,10";"89,41";"92,94";"83,66"
"220027 ALEGRETE DO PIAUI";"0";"72,97";"118,92";"54,95";"77,61";"72,46";"130,51";"115,25";"146,30";"63,64";"81,23"
"220030 ALTO LONGA";"0";"56,44";"58,90";"87,32";"86,15";"79,70";"97,62";"96,03";"110,32";"97,95";"74,47"
"220040 ALTOS";"0";"32,74";"55,81";"85,81";"39,18";"79,96";"104,93";"102,72";"104,80";"94,56";"69,82"
"220045 ALVORADA DO GURGUEIA";"0";"90,43";"78,72";"64,21";"66,67";"66,22";"104,05";"110,81";"95,00";"65,93";"72,60"
"220050 AMARANTE";"0";"84,47";"91,29";"92,40";"39,42";"89,06";"110,71";"91,67";"96,41";"105,47";"80,07"
"220060 ANGICAL DO PIAUI";"0";"41,11";"117,78";"119,10";"71,08";"96,84";"128,40";"118,52";"92,17";"120,00";"89,88"
"220070 ANISIO DE ABREU";"0,73";"105,11";"100,73";"110,64";"92,75";"96,50";"94,00";"82,67";"82,39";"95,97";"86,20"
"220080 ANTONIO ALMEIDA";"0";"70,83";"77,08";"102,70";"121,05";"106,82";"92,00";"92,00";"108,89";"158,54";"90,87"
"220090 AROAZES";"0";"65,59";"60,22";"58,97";"111,76";"122,03";"140,30";"95,52";"82,56";"96,83";"77,60"
"220095 AROEIRAS DO ITAIM";"0";"35,00";"150,00";"114,81";"72,41";"100,00";"96,00";"48,00";"105,26";"110,00";"83,19"
"220100 ARRAIAL";"0";"119,40";"213,43";"196,05";"142,19";"98,04";"112,00";"136,00";"113,04";"71,67";"122,41"
"220105 ASSUNCAO DO PIAUI";"0";"87,58";"76,47";"104,03";"91,74";"121,10";"80,92";"80,92";"112,07";"89,19";"82,14"
"220110 AVELINO LOPES";"0";"98,37";"102,17";"90,16";"83,68";"67,93";"57,14";"80,77";"107,06";"104,21";"79,05"
"220115 BAIXA GRANDE DO RIBEIRO";"0";"76,96";"116,52";"89,61";"134,88";"82,72";"72,27";"90,91";"75,96";"110,40";"84,06"
"220117 BARRA D\'ALCANTARA";"0";"142,22";"115,56";"105,45";"92,73";"108,70";"156,00";"120,00";"81,03";"93,18";"101,62"
"220120 BARRAS";"0";"64,34";"106,86";"97,62";"82,83";"75,56";"82,70";"100,85";"102,33";"91,87";"79,81"
"220130 BARREIRAS DO PIAUI";"0";"44,12";"120,59";"115,00";"41,30";"37,50";"116,00";"88,00";"145,71";"76,92";"75,28"
"220140 BARRO DURO";"0";"62,96";"112,96";"130,00";"150,00";"92,16";"78,63";"76,07";"107,45";"125,93";"92,48"
"220150 BATALHA";"0";"50,56";"65,28";"98,17";"93,03";"93,53";"109,23";"80,06";"69,32";"72,73";"72,77"
"220155 BELA VISTA DO PIAUI";"0";"88,33";"75,00";"151,28";"29,82";"94,00";"89,58";"85,42";"100,00";"133,33";"79,69"
"220157 BELEM DO PIAUI";"0";"64,71";"74,51";"160,53";"19,35";"55,26";"146,67";"136,67";"83,33";"71,79";"76,46"
"220160 BENEDITINOS";"0";"94,24";"104,32";"136,75";"85,29";"102,34";"119,05";"44,44";"98,43";"102,48";"87,67"
"220170 BERTOLINIA";"0";"102,35";"105,88";"112,79";"67,78";"100,00";"96,34";"89,02";"90,67";"117,39";"87,62"
"220173 BETANIA DO PIAUI";"0";"94,07";"109,32";"78,86";"82,73";"101,11";"130,61";"95,92";"84,75";"92,31";"85,57"
"220177 BOA HORA";"0";"73,33";"87,50";"93,81";"87,38";"112,22";"89,52";"69,52";"130,49";"126,03";"83,03"
"220180 BOCAINA";"0";"72,58";"96,77";"80,70";"70,59";"163,89";"130,95";"66,67";"89,13";"141,03";"85,17"
"220190 BOM JESUS";"0,44";"103,08";"101,10";"120,71";"100,47";"94,07";"103,76";"104,65";"103,48";"136,19";"96,87"
"220191 BOM PRINCIPIO DO PIAUI";"0,85";"63,25";"102,56";"67,00";"112,64";"110,34";"78,89";"81,11";"101,33";"74,00";"76,53"
"220192 BONFIM DO PIAUI";"0";"112,31";"138,46";"80,00";"91,67";"119,74";"120,51";"123,08";"66,99";"87,06";"93,45"
"220194 BOQUEIRAO DO PIAUI";"3,12";"115,62";"94,79";"64,12";"81,20";"105,94";"85,34";"82,76";"82,95";"81,44";"79,51"
"220196 BRASILEIRA";"2,47";"133,33";"103,70";"101,96";"100,98";"100,00";"110,00";"93,33";"86,00";"110,59";"94,68"
"220198 BREJO DO PIAUI";"0";"98,33";"90,00";"93,75";"122,22";"68,25";"126,67";"84,44";"74,51";"81,82";"80,86"
"220200 BURITI DOS LOPES";"0";"38,14";"52,81";"80,70";"61,05";"42,53";"17,20";"32,17";"48,79";"70,73";"43,47"
"220202 BURITI DOS MONTES";"0";"76,47";"79,41";"125,97";"29,03";"60,81";"105,56";"97,22";"136,62";"58,97";"73,19"
"220205 CABECEIRAS DO PIAUI";"0";"66,87";"93,98";"72,73";"83,23";"176,11";"184,75";"84,75";"88,33";"122,77";"91,14"
"220207 CAJAZEIRAS DO PIAUI";"0";"104,35";"80,43";"97,50";"64,10";"108,00";"70,27";"105,41";"76,74";"134,21";"81,86"
"220208 CAJUEIRO DA PRAIA";"0";"45,45";"74,75";"85,86";"50,00";"59,09";"74,36";"75,21";"69,49";"65,45";"60,87"
"220209 CALDEIRAO GRANDE DO PIAUI";"3,95";"103,95";"115,79";"137,70";"68,49";"124,07";"144,64";"123,21";"106,25";"110,77";"100,61"
"220210 CAMPINAS DO PIAUI";"0";"54,02";"62,07";"113,89";"43,75";"52,11";"89,83";"103,39";"48,98";"21,43";"57,60"
"220211 CAMPO ALEGRE DO FIDALGO";"0";"79,45";"102,74";"72,73";"84,29";"83,33";"87,50";"73,21";"113,79";"88,33";"77,34"
"220213 CAMPO GRANDE DO PIAUI";"0";"109,09";"145,45";"67,02";"63,27";"97,18";"145,83";"70,83";"52,13";"87,88";"81,70"
"220217 CAMPO LARGO DO PIAUI";"0";"72,17";"86,96";"128,10";"78,10";"97,09";"45,69";"88,79";"100,00";"104,17";"79,62"
"220220 CAMPO MAIOR";"0,12";"82,50";"90,75";"71,80";"53,38";"67,55";"75,99";"78,72";"97,52";"96,36";"69,59"
"220225 CANAVIEIRA";"0";"71,70";"60,38";"80,00";"142,42";"92,86";"83,72";"76,74";"158,06";"104,26";"80,99"
"220230 CANTO DO BURITI";"0";"84,32";"101,74";"94,46";"71,49";"57,95";"65,87";"70,63";"73,05";"76,87";"69,70"
"220240 CAPITAO DE CAMPOS";"0";"92,73";"97,58";"83,73";"121,28";"87,35";"81,41";"66,33";"108,72";"55,36";"78,31"
"220245 CAPITAO GERVASIO OLIVEIRA";"0";"70,18";"100,00";"77,19";"36,36";"166,67";"88,24";"92,16";"90,32";"64,58";"74,56"
"220250 CARACOL";"0";"22,96";"127,55";"79,19";"70,62";"72,51";"68,59";"92,31";"98,33";"84,85";"70,98"
"220253 CARAUBAS DO PIAUI";"0";"85,57";"96,91";"98,91";"43,16";"51,43";"112,50";"108,75";"110,00";"116,67";"80,95"
"220255 CARIDADE DO PIAUI";"0";"52,22";"95,56";"119,44";"64,29";"62,16";"77,78";"95,83";"110,00";"73,17";"72,52"
"220260 CASTELO DO PIAUI";"0,29";"92,20";"72,54";"107,89";"81,44";"84,57";"90,59";"94,43";"110,04";"94,55";"81,13"
"220265 CAXINGO";"0";"91,67";"130,95";"83,51";"66,67";"97,70";"125,33";"86,67";"85,29";"96,34";"85,75"
"220270 COCAL";"0";"36,99";"40,65";"59,96";"62,87";"93,21";"86,44";"101,86";"90,80";"90,91";"64,00"
"220271 COCAL DE TELHA";"0";"104,05";"100,00";"98,55";"109,43";"91,67";"116,00";"100,00";"85,33";"96,49";"89,40"
"220272 COCAL DOS ALVES";"0";"130,14";"179,45";"96,59";"101,16";"89,16";"96,00";"117,33";"125,81";"167,21";"108,41"
"220273 COIVARAS";"0";"88,71";"50,00";"91,07";"60,42";"83,67";"57,14";"130,61";"109,80";"183,33";"82,65"
"220275 COLONIA DO GURGUEIA";"0";"71,07";"88,43";"99,01";"101,23";"94,52";"100,00";"92,68";"105,43";"90,12";"80,84"
"220277 COLONIA DO PIAUI";"0";"87,88";"108,08";"111,69";"50,62";"67,95";"58,51";"97,87";"76,74";"71,57";"72,61"
"220280 CONCEICAO DO CANINDE";"0";"52,17";"113,04";"62,16";"169,39";"93,33";"85,25";"91,80";"86,96";"75,32";"80,09"
"220285 CORONEL JOSE DIAS";"0";"44,44";"60,32";"92,00";"110,42";"109,43";"80,65";"88,71";"55,38";"93,88";"70,93"
"220290 CORRENTE";"0,24";"71,50";"90,26";"92,65";"90,74";"93,89";"86,97";"82,70";"110,81";"95,78";"81,59"
"220300 CRISTALANDIA DO PIAUI";"0";"51,63";"110,46";"97,12";"79,10";"86,67";"76,99";"83,19";"72,73";"78,35";"72,20"
"220310 CRISTINO CASTRO";"1,81";"110,84";"116,87";"93,09";"58,92";"38,41";"109,09";"105,19";"92,81";"173,91";"89,35"
"220320 CURIMATA";"0";"111,06";"86,06";"92,12";"82,42";"50,00";"64,67";"88,62";"84,62";"96,24";"75,72"
"220323 CURRAIS";"0";"82,83";"79,80";"75,49";"59,49";"68,35";"98,70";"103,90";"77,50";"22,86";"66,55"
"220325 CURRALINHOS";"0";"42,47";"79,45";"128,81";"90,54";"93,65";"91,53";"122,03";"162,75";"91,18";"86,20"
"220327 CURRAL NOVO DO PIAUI";"0";"66,00";"80,00";"108,54";"75,00";"117,95";"98,51";"108,96";"108,70";"100,00";"82,60"
"220330 DEMERVAL LOBAO";"0";"116,23";"103,66";"99,53";"110,27";"134,76";"211,22";"130,24";"100,90";"85,61";"108,96"
"220335 DIRCEU ARCOVERDE";"0";"58,51";"82,98";"116,85";"44,00";"39,58";"60,71";"51,19";"55,10";"63,54";"56,84"
"220340 DOM EXPEDITO LOPES";"0";"46,32";"87,37";"97,67";"104,05";"89,89";"86,75";"102,41";"92,39";"102,78";"79,17"
"220342 DOMINGOS MOURAO";"0";"70,51";"82,05";"86,15";"75,76";"62,50";"121,82";"114,55";"119,23";"81,36";"78,08"
"220345 DOM INOCENCIO";"0";"17,00";"109,00";"88,89";"75,00";"93,10";"67,02";"98,94";"116,88";"137,33";"77,54"
"220350 ELESBAO VELOSO";"0";"55,05";"104,13";"108,95";"266,67";"90,32";"100,00";"98,18";"113,25";"104,52";"100,77"
"220360 ELISEU MARTINS";"0";"98,25";"112,28";"120,93";"25,00";"92,00";"78,43";"107,84";"66,00";"106,52";"78,96"
"220370 ESPERANTINA";"0";"70,22";"85,33";"88,54";"54,55";"34,51";"37,19";"69,18";"93,24";"86,44";"61,71"
"220375 FARTURA DO PIAUI";"0";"50,00";"114,52";"88,06";"32,76";"26,83";"65,28";"104,17";"98,41";"103,90";"68,83"
"220380 FLORES DO PIAUI";"0";"59,18";"71,43";"89,04";"65,71";"98,08";"180,95";"150,00";"81,43";"103,23";"78,01"
"220385 FLORESTA DO PIAUI";"0";"75,86";"96,55";"141,67";"55,56";"3,70";"76,67";"73,33";"141,18";"67,86";"69,63"
"220390 FLORIANO";"0";"89,41";"91,74";"79,47";"88,42";"108,51";"42,23";"81,67";"82,80";"70,37";"72,94"
"220400 FRANCINOPOLIS";"0";"106,78";"98,31";"131,48";"73,13";"42,55";"115,69";"113,73";"101,67";"110,34";"89,03"
"220410 FRANCISCO AYRES";"0";"46,77";"91,94";"104,84";"80,36";"75,00";"98,36";"83,61";"85,94";"132,08";"79,10"
"220415 FRANCISCO MACEDO";"0";"112,50";"115,00";"57,69";"100,00";"100,00";"60,00";"78,00";"113,79";"74,29";"79,24"
"220420 FRANCISCO SANTOS";"0";"85,92";"66,90";"88,18";"51,43";"7,37";"0";"95,16";"95,45";"83,51";"56,29"
"220430 FRONTEIRAS";"9,09";"54,55";"109,66";"98,81";"83,14";"87,77";"87,58";"76,47";"80,82";"99,16";"77,50"
"220435 GEMINIANO";"0";"90,91";"122,08";"85,54";"65,85";"34,67";"60,87";"118,84";"76,39";"73,86";"72,69"
"220440 GILBUES";"0";"65,50";"109,00";"80,23";"77,47";"101,06";"44,09";"73,12";"68,11";"44,61";"65,86"
"220450 GUADALUPE";"0";"83,87";"109,68";"91,71";"72,07";"97,50";"94,09";"72,04";"85,96";"92,11";"80,60"
"220455 GUARIBAS";"0";"73,26";"84,88";"62,35";"88,57";"62,69";"8,47";"118,64";"126,39";"83,33";"70,16"
"220460 HUGO NAPOLEAO";"0";"23,53";"88,24";"127,78";"53,33";"86,27";"106,00";"114,00";"108,51";"141,46";"84,11"
"220465 ILHA GRANDE";"0";"22,75";"40,72";"62,28";"74,59";"7,43";"3,27";"60,78";"72,66";"47,56";"37,22"
"220470 INHUMA";"0";"79,91";"99,09";"91,75";"78,54";"75,74";"55,72";"74,13";"80,63";"87,50";"71,74"
"220480 IPIRANGA DO PIAUI";"0";"71,94";"84,17";"92,59";"118,42";"91,54";"26,67";"34,17";"34,58";"37,84";"59,65"
"220490 ISAIAS COELHO";"0";"85,93";"89,63";"99,22";"85,94";"100,00";"106,40";"97,60";"95,50";"85,48";"83,76"
"220500 ITAINOPOLIS";"0";"28,06";"55,40";"93,20";"110,53";"103,48";"96,23";"97,17";"112,61";"99,15";"75,41"
"220510 ITAUEIRA";"0";"65,38";"89,74";"97,92";"58,17";"72,00";"118,18";"101,65";"85,29";"89,21";"75,84"
"220515 JACOBINA DO PIAUI";"0";"51,39";"120,83";"120,51";"71,88";"79,76";"92,11";"92,11";"72,73";"109,09";"80,47"
"220520 JAICOS";"0,37";"113,38";"100,00";"89,10";"50,48";"50,35";"39,82";"46,20";"84,50";"77,57";"64,33"
"220525 JARDIM DO MULATO";"0";"72,22";"112,96";"52,73";"58,33";"73,77";"75,41";"72,13";"171,79";"85,19";"74,86"
"220527 JATOBA DO PIAUI";"0";"58,06";"87,10";"97,44";"56,06";"194,55";"55,93";"71,19";"104,17";"134,78";"78,55"
"220530 JERUMENHA";"0";"78,69";"132,79";"67,90";"73,21";"61,29";"36,78";"56,32";"47,95";"24,24";"56,83"
"220535 JOAO COSTA";"0";"105,13";"92,31";"140,54";"95,45";"89,47";"115,79";"107,89";"104,76";"108,33";"95,64"
"220540 JOAQUIM PIRES";"0";"100,49";"124,27";"94,64";"67,77";"106,52";"100,99";"115,35";"106,67";"105,86";"92,03"
"220545 JOCA MARQUES";"0";"71,28";"81,91";"93,75";"83,13";"92,31";"62,96";"90,12";"97,59";"82,93";"74,83"
"220550 JOSE DE FREITAS";"0";"105,00";"113,97";"96,87";"61,91";"60,17";"29,86";"78,45";"87,46";"131,28";"77,14"
"220551 JUAZEIRO DO PIAUI";"0";"91,57";"86,75";"128,57";"81,33";"74,24";"52,11";"59,15";"92,98";"138,30";"76,68"
"220552 JULIO BORGES";"0";"66,30";"79,35";"101,39";"100,00";"59,79";"39,13";"107,25";"92,11";"67,71";"68,83"
"220553 JUREMA";"0";"103,66";"118,29";"73,33";"84,51";"37,84";"122,58";"101,61";"89,06";"75,00";"79,13"
"220554 LAGOINHA DO PIAUI";"5,56";"105,56";"77,78";"56,76";"61,54";"9,52";"97,22";"125,00";"72,00";"154,84";"74,59"
"220555 LAGOA ALEGRE";"1,82";"112,73";"143,64";"107,94";"98,36";"113,45";"96,00";"89,60";"104,42";"83,62";"95,41"
"220556 LAGOA DO BARRO DO PIAUI";"0";"87,01";"93,51";"101,64";"141,43";"93,85";"83,33";"93,06";"112,31";"123,88";"91,61"
"220557 LAGOA DE SAO FRANCISCO";"0";"83,33";"91,18";"72,16";"113,11";"82,95";"121,62";"85,14";"98,59";"106,85";"81,87"
"220558 LAGOA DO PIAUI";"0";"73,02";"100,00";"110,91";"98,36";"95,16";"83,33";"125,76";"133,93";"107,46";"92,28"
"220559 LAGOA DO SITIO";"0";"73,63";"60,44";"65,67";"128,95";"163,83";"66,20";"78,87";"83,33";"111,32";"74,20"
"220560 LANDRI SALES";"0";"76,14";"80,68";"112,70";"90,16";"117,02";"100,00";"98,61";"131,58";"86,08";"84,62"
"220570 LUIS CORREIA";"0";"50,84";"75,70";"82,69";"76,46";"66,05";"59,82";"68,30";"77,45";"96,09";"63,84"
"220580 LUZILANDIA";"0";"60,91";"96,88";"78,04";"24,76";"31,19";"7,52";"33,33";"60,93";"57,22";"45,45"
"220585 MADEIRO";"0";"62,79";"99,22";"62,11";"48,03";"96,21";"70,34";"71,03";"111,61";"91,60";"70,67"
"220590 MANOEL EMIDIO";"0";"95,00";"35,00";"61,11";"118,64";"119,40";"82,19";"110,96";"84,00";"109,59";"79,07"
"220595 MARCOLANDIA";"0";"77,07";"133,76";"104,14";"125,76";"130,65";"177,46";"133,10";"164,46";"112,41";"113,43"
"220600 MARCOS PARENTE";"0";"97,01";"95,52";"100,00";"105,36";"110,71";"135,29";"105,88";"128,30";"97,14";"95,19"
"220605 MASSAPE DO PIAUI";"4,44";"63,33";"115,56";"108,86";"84,00";"71,64";"177,27";"100,00";"101,41";"116,33";"87,70"
"220610 MATIAS OLIMPIO";"0";"64,32";"112,97";"107,14";"112,64";"114,77";"113,97";"91,06";"133,55";"98,82";"94,07"
"220620 MIGUEL ALVES";"0";"76,95";"77,84";"95,80";"89,01";"45,47";"60,34";"78,75";"97,48";"100,78";"72,02"
"220630 MIGUEL LEAO";"0";"85,00";"165,00";"60,00";"116,67";"85,71";"168,75";"87,50";"143,75";"121,43";"99,46"
"220635 MILTON BRANDAO";"0";"104,30";"95,70";"117,95";"97,62";"91,46";"128,07";"103,51";"150,91";"84,00";"92,96"
"220640 MONSENHOR GIL";"0";"106,21";"108,97";"120,16";"56,34";"102,04";"97,69";"113,85";"89,55";"103,08";"88,92"
"220650 MONSENHOR HIPOLITO";"0";"63,08";"63,85";"86,41";"82,00";"104,85";"96,15";"72,12";"106,10";"114,46";"74,93"
"220660 MONTE ALEGRE DO PIAUI";"0";"60,66";"88,52";"107,04";"34,21";"61,88";"58,24";"70,59";"66,28";"72,77";"61,51"
"220665 MORRO CABECA NO TEMPO";"0";"109,52";"144,44";"78,57";"98,70";"56,34";"32,76";"137,93";"101,43";"79,73";"83,85"
"220667 MORRO DO CHAPEU DO PIAUI";"0";"86,17";"111,70";"98,88";"93,94";"105,81";"68,18";"93,18";"86,32";"84,68";"82,84"
"220669 MURICI DOS PORTELAS";"4,17";"87,50";"71,67";"54,10";"69,47";"77,45";"112,90";"121,51";"104,55";"63,87";"74,59"
"220670 NAZARE DO PIAUI";"0";"93,04";"100,87";"113,19";"78,95";"73,49";"118,18";"112,99";"105,26";"123,17";"88,66"
"220672 NAZARIA";"0";"19,29";"77,14";"78,38";"82,31";"102,61";"83,03";"76,36";"78,62";"31,68";"63,77"
"220675 NOSSA SENHORA DE NAZARE";"0";"108,62";"112,07";"96,72";"91,38";"77,27";"84,62";"84,62";"119,15";"109,26";"87,46"
"220680 NOSSA SENHORA DOS REMEDIOS";"0";"90,00";"108,82";"82,84";"78,77";"61,29";"89,17";"100,64";"73,10";"97,16";"77,71"
"220690 NOVO ORIENTE DO PIAUI";"0";"88,24";"78,82";"82,14";"86,57";"152,83";"100,00";"79,22";"100,00";"95,71";"83,00"
"220695 NOVO SANTO ANTONIO";"0";"120,69";"175,86";"137,50";"28,57";"168,42";"205,26";"221,05";"123,08";"106,67";"116,23"
"220700 OEIRAS";"0,63";"66,61";"64,41";"65,95";"87,59";"86,71";"103,77";"91,13";"116,51";"98,61";"74,40"
"220710 OLHO D\'AGUA DO PIAUI";"0";"63,64";"93,94";"61,90";"95,35";"10,00";"11,76";"85,29";"116,67";"85,00";"63,90"
"220720 PADRE MARCOS";"0";"54,46";"88,39";"117,48";"87,50";"94,74";"44,12";"126,47";"111,49";"94,44";"79,72"
"220730 PAES LANDIM";"0";"81,03";"100,00";"111,11";"67,35";"175,00";"110,94";"104,69";"68,83";"109,26";"89,93"
"220735 PAJEU DO PIAUI";"0";"106,90";"79,31";"67,86";"110,53";"76,00";"140,00";"124,00";"85,71";"93,10";"86,47"
"220740 PALMEIRA DO PIAUI";"0";"93,88";"85,71";"76,29";"56,72";"127,50";"57,89";"67,11";"71,05";"114,29";"73,70"
"220750 PALMEIRAIS";"0";"36,97";"60,08";"44,30";"33,82";"65,61";"61,64";"75,80";"80,98";"65,97";"51,52"
"220755 PAQUETA";"0";"88,64";"104,55";"120,00";"105,88";"53,85";"64,29";"88,10";"122,58";"92,86";"82,80"
"220760 PARNAGUA";"0";"78,35";"76,29";"51,79";"66,67";"83,45";"59,64";"84,34";"96,39";"40,24";"62,64"
"220770 PARNAIBA";"0";"62,63";"82,24";"84,84";"85,48";"86,89";"79,90";"82,41";"73,01";"61,97";"70,00"
"220775 PASSAGEM FRANCA DO PIAUI";"0";"76,62";"96,10";"93,15";"119,72";"130,16";"58,54";"59,76";"89,09";"100,00";"80,00"
"220777 PATOS DO PIAUI";"0";"90,14";"88,73";"123,53";"84,72";"81,67";"130,61";"110,20";"119,64";"103,51";"90,54"
"220779 PAU D\'ARCO DO PIAUI";"0";"34,43";"57,38";"165,62";"107,14";"76,19";"110,53";"102,63";"89,13";"174,19";"80,09"
"220780 PAULISTANA";"0,28";"77,27";"86,36";"88,92";"84,28";"94,61";"81,35";"93,58";"88,82";"79,71";"77,08"
"220785 PAVUSSU";"0";"118,60";"90,70";"81,67";"95,12";"95,45";"88,10";"104,76";"123,81";"89,58";"88,39"
"220790 PEDRO II";"0";"62,01";"75,00";"86,65";"89,62";"109,18";"61,44";"67,39";"106,02";"101,60";"74,48"
"220793 PEDRO LAURENTINO";"0";"40,35";"61,40";"102,78";"70,27";"92,00";"85,19";"96,30";"100,00";"208,00";"72,39"
"220795 NOVA SANTA RITA";"0";"96,10";"105,19";"74,65";"66,13";"116,00";"91,38";"113,79";"83,87";"107,84";"82,89"
"220800 PICOS";"0";"82,44";"91,13";"100,81";"109,31";"97,80";"100,72";"112,26";"76,44";"82,81";"84,67"
"220810 PIMENTEIRAS";"0";"45,45";"87,66";"86,96";"41,21";"90,76";"75,86";"98,28";"80,30";"43,26";"62,63"
"220820 PIO IX";"0";"79,84";"122,98";"102,48";"36,47";"82,67";"86,41";"68,93";"71,31";"86,24";"73,66"
"220830 PIRACURUCA";"0";"93,59";"124,10";"95,08";"82,02";"133,94";"85,17";"95,13";"97,95";"79,07";"88,55"
"220840 PIRIPIRI";"0,65";"97,82";"111,43";"87,28";"109,09";"81,60";"119,04";"109,94";"98,32";"112,52";"93,02"
"220850 PORTO";"0";"69,11";"108,94";"77,43";"49,79";"54,19";"101,43";"114,29";"123,36";"85,19";"77,28"
"220855 PORTO ALEGRE DO PIAUI";"0";"82,98";"104,26";"155,26";"56,36";"74,29";"100,00";"94,29";"87,88";"100,00";"82,25"
"220860 PRATA DO PIAUI";"0";"111,76";"105,88";"121,95";"100,00";"0";"121,05";"110,53";"127,91";"68,09";"85,06"
"220865 QUEIMADA NOVA";"0";"113,76";"113,76";"67,57";"94,19";"132,47";"119,35";"103,23";"108,33";"86,92";"91,92"
"220870 REDENCAO DO GURGUEIA";"0";"67,48";"117,18";"78,71";"107,01";"74,70";"65,13";"82,89";"140,98";"88,65";"80,64"
"220880 REGENERACAO";"0";"66,28";"104,36";"84,79";"91,70";"106,91";"96,09";"111,39";"102,68";"101,13";"84,44"
"220885 RIACHO FRIO";"0";"61,32";"87,74";"93,51";"111,59";"50,70";"63,41";"45,12";"34,85";"84,85";"61,49"
"220887 RIBEIRA DO PIAUI";"0";"32,43";"48,65";"93,85";"63,04";"38,30";"26,32";"155,26";"90,00";"90,91";"59,18"
"220890 RIBEIRO GONCALVES";"0";"34,55";"70,91";"65,87";"66,10";"103,06";"91,96";"102,68";"97,50";"108,77";"74,07"
"220900 RIO GRANDE DO PIAUI";"0,88";"55,75";"80,53";"75,58";"117,57";"94,67";"89,16";"80,72";"68,57";"107,14";"72,95"
"220910 SANTA CRUZ DO PIAUI";"0";"73,27";"101,98";"101,47";"85,39";"81,58";"178,38";"94,59";"92,41";"130,65";"89,70"
"220915 SANTA CRUZ DOS MILAGRES";"0";"91,38";"75,86";"87,23";"31,43";"11,76";"194,74";"194,74";"36,84";"64,86";"62,41"
"220920 SANTA FILOMENA";"0";"59,26";"73,15";"63,96";"77,27";"77,98";"108,16";"103,06";"82,98";"84,85";"72,09"
"220930 SANTA LUZ";"0";"62,18";"68,07";"58,62";"98,61";"90,48";"55,42";"59,04";"121,21";"153,33";"70,89"
"220935 SANTANA DO PIAUI";"0";"66,67";"58,73";"109,80";"82,46";"90,00";"100,00";"77,19";"113,89";"93,48";"76,13"
"220937 SANTA ROSA DO PIAUI";"0";"39,74";"73,08";"69,57";"77,97";"98,21";"45,61";"98,25";"114,00";"74,65";"65,70"
"220940 SANTO ANTONIO DE LISBOA";"15,58";"110,39";"67,53";"98,68";"58,70";"137,04";"115,28";"122,22";"72,73";"125,64";"89,78"
"220945 SANTO ANTONIO DOS MILAGRES";"0";"104,88";"60,98";"120,00";"64,71";"140,00";"0";"83,33";"62,50";"70,37";"65,98"
"220950 SANTO INACIO DO PIAUI";"0";"77,78";"100,00";"70,83";"166,67";"171,43";"84,00";"94,00";"114,63";"104,55";"93,01"
"220955 SAO BRAZ DO PIAUI";"0";"50,00";"77,63";"77,05";"50,94";"104,26";"136,67";"61,67";"66,20";"90,74";"68,61"
"220960 SAO FELIX DO PIAUI";"0";"114,81";"129,63";"135,00";"190,62";"82,14";"200,00";"172,22";"145,45";"65,52";"118,95"
"220965 SAO FRANCISCO DE ASSIS DO PIAUI";"4,59";"66,97";"77,06";"105,88";"51,32";"75,47";"25,00";"97,73";"100,00";"124,62";"68,88"
"220970 SAO FRANCISCO DO PIAUI";"0";"72,60";"95,89";"78,05";"69,86";"72,86";"66,67";"54,67";"64,62";"54,17";"62,78"
"220975 SAO GONCALO DO GURGUEIA";"0";"73,33";"88,89";"107,50";"78,57";"100,00";"123,33";"116,67";"140,74";"82,50";"86,50"
"220980 SAO GONCALO DO PIAUI";"0";"51,81";"77,11";"45,78";"123,26";"60,27";"65,79";"56,58";"106,15";"105,71";"68,25"
"220985 SAO JOAO DA CANABRAVA";"0";"111,54";"88,46";"66,67";"75,00";"17,39";"56,14";"52,63";"89,36";"100,00";"65,52"
"220987 SAO JOAO DA FRONTEIRA";"0";"57,53";"72,60";"148,05";"59,77";"21,21";"0";"102,86";"98,61";"118,31";"68,58"
"220990 SAO JOAO DA SERRA";"0";"86,81";"80,22";"101,28";"21,98";"3,28";"61,76";"111,76";"98,61";"114,10";"67,30"
"220995 SAO JOAO DA VARJOTA";"0";"67,09";"110,13";"88,61";"107,04";"100,00";"92,86";"98,57";"100,00";"77,22";"82,88"
"220997 SAO JOAO DO ARRAIAL";"0";"53,15";"107,69";"117,48";"93,23";"105,51";"94,44";"97,92";"146,02";"90,67";"89,23"
"221000 SAO JOAO DO PIAUI";"0";"82,93";"91,33";"85,55";"86,86";"92,70";"113,47";"98,32";"99,09";"87,20";"82,35"
"221005 SAO JOSE DO DIVINO";"0";"113,33";"101,33";"110,61";"86,05";"116,67";"116,42";"101,49";"91,67";"132,73";"95,04"
"221010 SAO JOSE DO PEIXE";"0";"65,45";"83,64";"67,69";"73,91";"70,59";"134,15";"173,17";"57,14";"67,80";"75,69"
"221020 SAO JOSE DO PIAUI";"0";"58,33";"80,56";"80,65";"93,75";"106,17";"80,00";"74,74";"92,00";"130,43";"75,88"
"221030 SAO JULIAO";"0";"88,00";"101,00";"76,15";"47,95";"72,22";"70,15";"82,09";"79,45";"101,56";"70,82"
"221035 SAO LOURENCO DO PIAUI";"0";"113,21";"75,47";"105,66";"70,59";"85,45";"80,00";"94,55";"89,47";"73,77";"79,21"
"221037 SAO LUIS DO PIAUI";"0";"18,18";"103,03";"70,59";"74,19";"90,91";"108,00";"80,00";"91,18";"85,71";"69,76"
"221038 SAO MIGUEL DA BAIXA GRANDE";"0";"40,62";"128,12";"74,29";"122,73";"75,00";"228,57";"128,57";"113,04";"207,14";"95,04"
"221039 SAO MIGUEL DO FIDALGO";"0";"59,52";"73,81";"76,47";"65,62";"122,73";"100,00";"157,69";"124,14";"134,29";"84,85"
"221040 SAO MIGUEL DO TAPUIO";"1,09";"52,17";"90,94";"115,65";"73,75";"117,87";"120,94";"101,71";"87,56";"91,87";"82,81"
"221050 SAO PEDRO DO PIAUI";"0";"63,50";"80,50";"86,53";"62,56";"85,47";"119,05";"107,41";"91,09";"83,04";"77,54"
"221060 SAO RAIMUNDO NONATO";"0,16";"66,15";"72,85";"93,84";"64,17";"84,34";"42,50";"89,21";"100,35";"84,42";"69,11"
"221062 SEBASTIAO BARROS";"0";"41,46";"24,39";"98,72";"57,35";"10,61";"1,54";"47,69";"77,27";"49,18";"39,39"
"221063 SEBASTIAO LEAL";"0";"74,55";"54,55";"65,31";"74,14";"58,62";"75,00";"159,09";"92,45";"72,41";"70,70"
"221065 SIGEFREDO PACHECO";"4,67";"122,43";"65,42";"93,98";"68,27";"65,22";"62,62";"121,50";"79,00";"57,94";"73,75"
"221070 SIMOES";"0,35";"67,38";"87,59";"95,88";"65,32";"100,48";"81,53";"92,79";"101,29";"93,81";"76,67"
"221080 SIMPLICIO MENDES";"0";"101,66";"81,77";"91,01";"78,23";"56,96";"107,30";"68,54";"58,76";"97,71";"74,07"
"221090 SOCORRO DO PIAUI";"0";"57,38";"63,93";"146,30";"44,83";"25,00";"36,59";"46,34";"108,70";"79,17";"59,77"
"221093 SUSSUAPARA";"0";"104,71";"84,71";"81,48";"69,88";"101,41";"98,81";"108,33";"103,33";"123,29";"86,97"
"221095 TAMBORIL DO PIAUI";"0";"23,64";"94,55";"60,47";"67,65";"97,22";"91,49";"89,36";"113,04";"130,23";"74,19"
"221097 TANQUE DO PIAUI";"0";"107,50";"75,00";"141,38";"77,27";"61,54";"140,74";"129,63";"85,29";"123,68";"90,72"
"221100 TERESINA";"0,67";"86,01";"93,32";"88,74";"85,43";"78,04";"81,11";"74,53";"80,40";"76,74";"74,56"
"221110 UNIAO";"0";"153,91";"119,54";"108,84";"84,26";"85,34";"87,80";"98,21";"101,57";"93,03";"93,36"
"221120 URUCUI";"0";"68,20";"102,53";"113,38";"96,43";"107,30";"101,60";"109,84";"87,62";"100,95";"87,66"
"221130 VALENCA DO PIAUI";"0";"92,33";"108,71";"78,91";"98,17";"125,54";"77,43";"90,62";"84,05";"145,99";"89,91"
"221135 VARZEA BRANCA";"0";"80,56";"116,67";"85,06";"85,53";"131,75";"111,11";"108,33";"110,26";"53,62";"87,99"
"221140 VARZEA GRANDE";"0";"127,78";"124,07";"90,00";"98,31";"87,76";"95,24";"185,71";"111,54";"101,61";"100,38"
"221150 VERA MENDES";"0";"91,49";"85,11";"105,56";"83,33";"61,11";"80,65";"96,77";"145,16";"200,00";"91,27"
"221160 VILA NOVA DO PIAUI";"0";"44,68";"97,87";"81,82";"85,00";"87,50";"140,74";"144,44";"72,50";"111,11";"80,32"
"221170 WALL FERRAZ";"0";"61,97";"70,42";"83,61";"69,57";"42,86";"94,74";"102,63";"123,53";"132,35";"70,55"
"Total";"0,35";"78,36";"91,87";"90,25";"81,81";"82,38";"82,49";"85,46";"88,81";"86,74";"76,50"
